{
  "module_names": [
    {
      "branches": 16,
      "branches_missing": 0,
      "branches_partial": 0,
      "coverage": 100.0,
      "lines": [
        3,
        20,
        22,
        23,
        25,
        26,
        27,
        29,
        30,
        31,
        33,
        34,
        36,
        37,
        41,
        43,
        44,
        48,
        50,
        51,
        52,
        54,
        58,
        60,
        61,
        62,
        63,
        65,
        69,
        71,
        72,
        73,
        74,
        75,
        77,
        78,
        82,
        84,
        86,
        87,
        88,
        90,
        91,
        92,
        93,
        95
      ],
      "lines_not_covered": [],
      "module": "resistor",
      "sum_lines": 46,
      "sum_lines_not_covered": 0
    },
    {
      "branches": 8,
      "branches_missing": 8,
      "branches_partial": 0,
      "coverage": 0.0,
      "lines": [
        1,
        2,
        3,
        4,
        6,
        11,
        12,
        13,
        14,
        15,
        16,
        18,
        19,
        20,
        22,
        23,
        24,
        25,
        27,
        28,
        29,
        31,
        32,
        33,
        34,
        36,
        38,
        41,
        42,
        43,
        49,
        50,
        58,
        61,
        62,
        63,
        74,
        76,
        77,
        78
      ],
      "lines_not_covered": [
        1,
        2,
        3,
        4,
        6,
        11,
        12,
        13,
        14,
        15,
        16,
        18,
        19,
        20,
        22,
        23,
        24,
        25,
        27,
        28,
        29,
        31,
        32,
        33,
        34,
        36,
        38,
        41,
        42,
        43,
        49,
        50,
        58,
        61,
        62,
        63,
        74,
        76,
        77,
        78
      ],
      "module": "service",
      "sum_lines": 40,
      "sum_lines_not_covered": 40
    }
  ],
  "overall_branch_coverage": 66.66666666666667,
  "overall_branch_partial_coverage": 100.0,
  "overall_coverage": 53.48837209302326
}