{
  "module_names": [
    {
      "branches": 16,
      "branches_missing": 0,
      "branches_partial": 0,
      "coverage": 100.0,
      "lines": [
        3,
        20,
        22,
        23,
        25,
        26,
        27,
        29,
        30,
        31,
        33,
        34,
        36,
        37,
        41,
        43,
        44,
        48,
        50,
        51,
        52,
        54,
        58,
        60,
        61,
        62,
        63,
        65,
        69,
        71,
        72,
        73,
        74,
        75,
        77,
        78,
        82,
        84,
        86,
        87,
        88,
        90,
        91,
        92,
        93,
        95
      ],
      "lines_not_covered": [],
      "module": "resistor",
      "sum_lines": 46,
      "sum_lines_not_covered": 0
    },
    {
      "branches": 8,
      "branches_missing": 8,
      "branches_partial": 0,
      "coverage": 0.0,
      "lines": [
        1,
        2,
        3,
        4,
        6,
        7,
        8,
        9,
        10,
        11,
        12,
        14,
        15,
        16,
        18,
        19,
        20,
        21,
        23,
        24,
        25,
        26,
        28,
        29,
        30,
        31,
        33,
        35,
        38,
        39,
        40,
        46,
        47,
        55,
        58,
        59,
        60,
        71,
        73,
        74,
        75
      ],
      "lines_not_covered": [
        1,
        2,
        3,
        4,
        6,
        7,
        8,
        9,
        10,
        11,
        12,
        14,
        15,
        16,
        18,
        19,
        20,
        21,
        23,
        24,
        25,
        26,
        28,
        29,
        30,
        31,
        33,
        35,
        38,
        39,
        40,
        46,
        47,
        55,
        58,
        59,
        60,
        71,
        73,
        74,
        75
      ],
      "module": "service",
      "sum_lines": 41,
      "sum_lines_not_covered": 41
    }
  ],
  "overall_branch_coverage": 66.66666666666667,
  "overall_branch_partial_coverage": 100.0,
  "overall_coverage": 52.87356321839081
}