{
  "module_names": [
    {
      "branches": 16,
      "branches_missing": 0,
      "branches_partial": 0,
      "coverage": 82.22222222222223,
      "lines": [
        3,
        20,
        22,
        23,
        25,
        26,
        27,
        29,
        30,
        31,
        33,
        34,
        36,
        37,
        41,
        43,
        44,
        48,
        50,
        51,
        52,
        54,
        58,
        60,
        61,
        62,
        63,
        65,
        69,
        71,
        72,
        73,
        74,
        75,
        77,
        78,
        82,
        84,
        85,
        86,
        88,
        89,
        90,
        91,
        93
      ],
      "lines_not_covered": [
        84,
        85,
        86,
        88,
        89,
        90,
        91,
        93
      ],
      "module": "resistor",
      "sum_lines": 45,
      "sum_lines_not_covered": 8
    }
  ],
  "overall_branch_coverage": 100.0,
  "overall_branch_partial_coverage": 100.0,
  "overall_coverage": 82.22222222222223
}